<?xml version='1.0' encoding='UTF-8' ?>
<timeLogEntries>
  <time id="1" path="/Non Project/PSP for Engineers/Program 1/Planning" start="@1436908702979" delta="6" />
  <time id="2" path="/Non Project/PSP for Engineers/Program 1/Design" start="@1436909044323" delta="13" />
  <time id="3" path="/Non Project/PSP for Engineers/Program 1/Code" start="@1436910055238" delta="3" interrupt="4" />
  <time id="4" path="/Non Project/PSP for Engineers/Program 1/Code" start="@1436910542949" delta="2" />
  <time id="5" path="/Non Project/PSP for Engineers/Program 1/Code" start="@1436910718570" delta="4" />
  <time id="6" path="/Non Project/PSP for Engineers/Program 1/Code" start="@1436911045135" delta="3" />
  <time id="7" path="/Non Project/PSP for Engineers/Program 1/Design" start="@1436911200283" delta="3" interrupt="1" />
  <time id="8" path="/Non Project/PSP for Engineers/Program 1/Code" start="@1436911507050" delta="5" />
  <time id="9" path="/Non Project/PSP for Engineers/Program 1/Code" start="@1436911811350" delta="4" />
  <time id="10" path="/Non Project/PSP for Engineers/Program 1/Design" start="@1436912167224" delta="2" interrupt="2" />
  <time id="11" path="/Non Project/PSP for Engineers/Program 1/Code" start="@1436912462937" delta="11" interrupt="1" />
  <time id="12" path="/Non Project/PSP for Engineers/Program 1/Design" start="@1436913410213" delta="1" />
  <time id="13" path="/Non Project/PSP for Engineers/Program 1/Code" start="@1437051828550" delta="16" />
  <time id="14" path="/Non Project/PSP for Engineers/Program 1/Design" start="@1437052807752" delta="2" />
</timeLogEntries>
