<?xml version='1.0' encoding='UTF-8' ?>
<timeLogEntries>
  <time id="1" path="/Non Project/PSP for Engineers/Program 1/Planning" start="@1436908702979" delta="6" />
  <time id="2" path="/Non Project/PSP for Engineers/Program 1/Design" start="@1436909044323" delta="13" />
  <time id="3" path="/Non Project/PSP for Engineers/Program 1/Code" start="@1436910055238" delta="3" interrupt="4" />
  <time id="4" path="/Non Project/PSP for Engineers/Program 1/Code" start="@1436910542949" delta="2" />
  <time id="5" path="/Non Project/PSP for Engineers/Program 1/Code" start="@1436910718570" delta="4" />
  <time id="6" path="/Non Project/PSP for Engineers/Program 1/Code" start="@1436911045135" delta="3" />
  <time id="7" path="/Non Project/PSP for Engineers/Program 1/Design" start="@1436911200283" delta="3" interrupt="1" />
  <time id="8" path="/Non Project/PSP for Engineers/Program 1/Code" start="@1436911507050" delta="5" />
  <time id="9" path="/Non Project/PSP for Engineers/Program 1/Code" start="@1436911811350" delta="4" />
  <time id="10" path="/Non Project/PSP for Engineers/Program 1/Design" start="@1436912167224" delta="2" interrupt="2" />
  <time id="11" path="/Non Project/PSP for Engineers/Program 1/Code" start="@1436912462937" delta="11" interrupt="1" />
  <time id="12" path="/Non Project/PSP for Engineers/Program 1/Design" start="@1436913410213" delta="1" />
  <time id="13" path="/Non Project/PSP for Engineers/Program 1/Code" start="@1437051828550" delta="16" />
  <time id="14" path="/Non Project/PSP for Engineers/Program 1/Design" start="@1437052807752" delta="2" />
  <time id="15" path="/Non Project/PSP for Engineers/Program 2/Planning" start="@1437256508931" delta="5" />
  <time id="16" path="/Non Project/PSP for Engineers/Program 2/Design" start="@1437256832522" delta="13" />
  <time id="17" path="/Non Project/PSP for Engineers/Program 2/Code" start="@1437269883116" delta="3" />
  <time id="18" path="/Non Project/PSP for Engineers/Program 2/Design" start="@1437271129865" delta="2" />
  <time id="19" path="/Non Project/PSP for Engineers/Program 2/Design" start="@1437272191884" delta="1" />
  <time id="20" path="/Non Project/PSP for Engineers/Program 2/Code" start="@1437272271699" delta="2" />
  <time id="21" path="/Non Project/PSP for Engineers/Program 2/Design" start="@1437272382448" delta="1" />
  <time id="22" path="/Non Project/PSP for Engineers/Program 2/Code" start="@1437272456053" delta="2" />
  <time id="23" path="/Non Project/PSP for Engineers/Program 2/Code" start="@1437272697449" delta="1" interrupt="3" />
  <time id="24" path="/Non Project/PSP for Engineers/Program 2/Design" start="@1437273103929" delta="1" />
  <time id="25" path="/Non Project/PSP for Engineers/Program 2/Code" start="@1437273315850" delta="6" />
  <time id="26" path="/Non Project/PSP for Engineers/Program 2/Design" start="@1437273817784" delta="1" interrupt="3" />
  <time id="27" path="/Non Project/PSP for Engineers/Program 2/Code" start="@1437274145841" delta="3" interrupt="3" />
  <time id="28" path="/Non Project/PSP for Engineers/Program 2/Design" start="@1437274996198" delta="4" />
  <time id="29" path="/Non Project/PSP for Engineers/Program 2/Code" start="@1437275235696" delta="2" />
  <time id="30" path="/Non Project/PSP for Engineers/Program 2/Design" start="@1437621091806" delta="1" interrupt="20" />
  <time id="31" path="/Non Project/PSP for Engineers/Program 2/Design" start="@1437622618532" delta="3" interrupt="2" />
  <time id="32" path="/Non Project/PSP for Engineers/Program 2/Code" start="@1437623197144" delta="4" interrupt="4" />
  <time id="33" path="/Non Project/PSP for Engineers/Program 2/Code" start="@1437623879343" delta="2" />
  <time id="34" path="/Non Project/PSP for Engineers/Program 2/Code" start="@1437624460660" delta="2" />
</timeLogEntries>
